리뷰키,카테고리 코드,제품명,브랜드,모델코드,리뷰,도움 수,사진 수,댓글 수,텍스트 길이,기본값 1,작성시간,경과시간,인기 점수
1VTaNl,AIRPU,코웨이,노블 공기청정기 15평형,AP-1521B,"장점 :
일단 자동으로 맞추어놓으면 알아서 모드 변경해서  작동되서 편하고 어플을 통해 제어가능하며 실내외 공기 이상발생 시 알림서비스가 와서 믿음주는 시스템입니다.

단점 :
생각보다 크기가 크다는것 외에는 별다른 단점을 아직 발견 못했습니다. 
",0,2,0,339,1,2022-04-29 10:37:41,159,0.2890270848
1VTaRl,AIRPU,SK매직,올클린 공기청정기 20평형,ACL20C1AS,"장점 :
원통형으로 360° 공기청정이 가능해  평면 공기청정기보다 보다 많은 먼지를 정화할 수 있을거라 믿습니다.

단점 :
매니저가 방문하더라도 중간중간 직접 프리필터에 있는 먼지를 
직접 청소해줘야되서 약간의 번거로움이 있습니다. 
",1,2,0,318,1,2022-04-29 10:39:02,159,0.9896347232
1VTaRn,AIRPU,코웨이,노블 공기청정기 30평형,AP-3021D,"장점 :
일단 디자인이 너무 이뻐서 저희거실에도 잘어울려서 좋았어요 모던한느낌이라 유행도안탈것같고 소음도 조용해서 좋아요

단점 :
단점은 너무 조용해서 작동을 하는건가 이런생각은 들었어요 ..그만큼 소음은 안나는 제품입니다.
",0,2,0,315,1,2022-04-29 10:42:36,159,0.2890270848
1VTaa7,BIDET,쿠쿠,직수형 클렌비스 비데 (CBT-C1031W),CBT-C1031W,"장점 :
동작이 간편하고 작동이 잘된다. 많은 기능 필요없는 사람한테는 딱이다.

단점 :
세정력 조절을 매번 해줘야해서 약간 불편하고 그것 이외에는 단점 모르겠다.
",0,1,0,221,1,2022-05-01 23:04:59,158,-0.6998422514
6Dy8qGW,BIDET,SK매직,올클린 버블 살균 비데,BIDS36DR26WH,"장점 :
버블세척으로 더 깨끗하고 편리한 관리가 가능
물청소를 하더라도 안심하고 청소할수있는 방수능력


단점 :
가격적으로 3천원정도만 더 저렴했으면 하는 
개인적인생각 말고는 없음
",0,2,0,251,1,2022-05-03 14:52:07,158,0.2901627526
6Dy8qGX,BIDET,코웨이,더블케어 플러스 비데,BAS38-A,"장점 :
일단 코웨이라서 믿고 구매했습니다. 자동 세척 기능때문에ㅇ 제품을 선택했는데 항상 깨끗하게 관리되고 있어서 정말 편리합니다.

단점 :
단점은 딱히 없는데 저는 자동 물내림 기능을 추가 했는데 이걸 온오프가 가능하면 좋겠네요 
",0,2,0,320,1,2022-05-03 15:01:34,158,0.2901627526
6Dy8qGY,BIDET,코웨이,더블케어 비데,BAS37-A,"장점 :
비데 사용할때 마다 알아서 노즐 세척을 해줘서 깨끗하게 사용할수 있고 노즐 원하는 위치로 할수 있어서 너무 만족합니다

단점 :
세정하는데  시간이 조금 짧은거 같습니다  그거말고는 단점은 찾아볼수가 없네요
",0,2,0,293,1,2022-05-03 18:09:02,158,0.2901627526
6Dy8qKf,AIRPU,LG,퓨리케어 360° 공기청정기 펫플러스 19평형,AS191DNPRM,"장점 :
진짜 있고 없고 차이는 심한거같아요 강아지 털 날라다니는거ㅛ도 80프로 이상 잡아주네요 대박 ㅎ

단점 :
펫모드로 해놓으면 소음이 조금 있어요ㅠㅠ 근데 신경쓰일정도는 아니고 계속 돌아가서 잡아주긴해요
",0,2,0,288,1,2022-05-27 21:03:12,155,0.293635818
6Dy8qKn,AIRPU,SK매직,올클린 공기청정기 25평형,ACL25C1AS,"장점 :
디자인이 예뻐서 사무실에 둬도 튀지않고 어우려져 이뻐요 청정능력도  다른제품들과 비교해 떨어지지 않아요 만족합니다!

단점 :
특별히 불편한점은 딱히 없어요  크기가 커서 옮길때  전선줄이 조금 더 길었음 좋겠어요 
",0,1,0,304,1,2022-05-29 20:03:02,154,-0.2236291508
6Dy8qOs,AIRPU,SK매직,올클린 공기청정기 25평형,ACL25C1AS,"장점 :
일단 디자인이 참 마음에 듭니다~ 크기가 생각보다 커서 놀랐지만 40평대 아파트 거실이 두니 그렇게 크지도 않고 공기정화 능력도 좋은듯 해서 만족하며 사용 중입니다~

단점 :
아직까지 사용하면서 특별한 단점은 아직 발견 못했네요 ㅎㅎ 정말 굳이 하나 뽑는다면.. 크기가 많이 크다는 정도?!
",0,2,0,399,1,2022-06-23 16:50:53,151,0.2984271881
6Dy8qSz,AIRPU,코웨이,노블 공기청정기 15평형,AP-1521B,"장점 :
일단크고요 바람 잘나와요

바퀴도 달려있어서 끌고다니기편해요

디자인도 괜찮고요 심플하고 괜찮음



단점 :
바람은 잘나오고있는거에비해

음 잘되고있는건지 의심스럽기하고요

바퀴는 달려있지만 가끔 선이 걸려서 들어서 빼야할때있어요

디자인은 괜찮은데 커서그런지 무겁긴함

쪼끔 아쉬운건 바람조절 단계가 별로없어서 아쉽긴해요
",0,2,0,467,1,2022-06-23 16:58:29,151,1.120772031
6Dy8qT3,AIRPU,LG,퓨리케어 360° 공기청정기 알파 20평형,AS201NNFRM,"장점 :
공기 청정 능력이 확실하며 디자인이 매우 이쁘고 기능도 다양하게 존재함

단점 :
냄새 제거가 초반에는 잘 되었으나 지금은 잘 안되는 느낌, 필터 교체 주기가 좀 긴듯?
",0,2,0,234,1,2022-06-23 17:05:04,151,-0.1949797175
6Dy8qX3,AIRPU,SK매직,올클린 공기청정기 20평형,ACL20C1AS,"장점 :
조용하고 필터청소가 쉬우며 와이파이기능이 있어서 휴대폰으류 언제 어디서든 관리가 용이함

단점 :
없음없음없음없음없음없음없음없음없음없음없음없음없음없음없음
",0,2,0,237,1,2022-06-23 17:06:48,151,-0.1949797175
6Dy8qbB,AIRPU,LG,퓨리케어 360° 펫 공기청정기 플러스 30평형,AS301DNPRM,"장점 :
공기청정기의경우  다른공청보다 냄새를 빨리 잡아주기도하고
강아지 털도 위 아래로 다 빨아서 잡아주다보니 깨끗한 공간을 유지하기 쉬운점 그리고 공청 필터 갈고 하는게 너무 간편해서
혼자서도 쓱쓱 하기 좋고 그리고 모드? 종류가 많다보니 좋아용


단점 :
사용한지 한달 넘었는데 큰 단점은 못느끼겠습니다 
단점이라고 굳이 뽑는다고하면  공청모드는 많은데
쓰는건 정해져있디!? 이것밖에는 없네용
",0,2,0,550,1,2022-06-23 19:17:27,151,1.120772031
6Dy8qbC,AIRPU,LG,퓨리케어 360° 공기청정기 펫플러스 19평형,AS191DNPRM,"장점 :
작은방에서 사용하기에  사이즈가 딱이라서 아주 잘쓰고있어요소음도 없눈편이고 강아지털도 잘 잡아줘서 너무 맘에들어요
정말 잘쓰고있습니다 

단점 :
단점이라고 딱히 느끼는건 없는데 작은거에 비해
조금 무겁다? 근데 공청 다 무겁지 않나요....하하
",0,2,0,347,1,2022-06-23 19:20:20,151,0.2984271881
6Dy8qbD,AIRPU,LG,퓨리케어 360° 펫 공기청정기 플러스 30평형,AS301DNPRM,"장점 :
강아지 유치원에서  큰거 두대랑 작은거 한대 쓰고있는데
애들 털 싹잡아줘서 너무너무 좋아요 ㅎㅎ비염심한 저에겐 
공청이 진짜 은인같아여 공청필터 갈때도 너무 쉽더라구용
냄새도 잘잡아주고 진짜 너무 맘에들어요
공청은 퓨리진짜 추천합니다

단점 :
단점이라고는 느꼈던게 정말 없어요... 굳이찾는다고 하면
공청모드가 많아서 좋긴한데 다 쓰진 않는다는거 말고는
정말 없어요 그냥 다 맘에드는데....ㅎㅎ
",0,2,0,558,1,2022-06-23 19:25:27,151,1.120772031
6Dy8qbI,AIRPU,코웨이,노블 공기청정기 15평형,AP-1521B,"장점 :
핸드폰으로 원격 조종 되서 편리하다. 디자인도 이뻐서 거실 인테리어 하기에 딱 좋다. 기능이 많고 자동으로 조절되서 편하다.

단점 :
단점이 없는거 같다. 너무 편리하게 잘 쓰고 있습니다. 다른분에게 추천하고 있습니다 ㅎㅎ
",0,2,0,311,1,2022-06-24 0:01:47,151,0.2984271881
6Dy8qfP,AIRPU,LG,퓨리케어 360° 펫 공기청정기 플러스 30평형,AS301DNPRM,"장점 :
강아지도 아기들도 있는집인데, 아이들도 남편도 비염이 심한편인데 확실히 청정기돌리면서 재채기하는 횟수가 눈에띄게 줄었네요 :-) 

단점 :
단점이라기보단  밤엔 많이 조용한편이라 그런가 풀가속으로 돌아가면 소리가 살짝크네요
",0,2,0,321,1,2022-06-28 13:49:52,150,0.2996549245
6Dy8qfR,BIDET,코웨이,스스로케어 비데 (BAS29-C),BAS29-C,"장점 :
작동법이 복잡하지않아서 저학년아이 혼자서 너무잘 사용중입니다 노즐청소  기능덕에 매일 하루두번 세척하며 깨끗하게 유지중입니다 

단점 :
수압이 조금약하다할까요?  아이가쓰기에는 딱좋은데 너무강한 세정을 원하시면 아쉬울수있을듯 합니다
",0,2,0,342,1,2022-07-04 22:58:15,149,0.3008949999
6Dy8qjQ,BIDET,SK매직,올클린 버블 세정 비데,BIDS38DR26WH,"장점 :
도기세정이랑 노즐 청소 기능이 너무 좋았습니다 무언가 더 청결 해진 기분입니다

단점 :
단점은 아직까지 찾지 못했어여 딱히 불편한점은 없어영~~~ 
.....
",0,2,0,215,1,2022-07-07 12:26:10,149,-0.1965920814
6Dy8qjX,BIDET,코웨이,더블케어 비데,BAS37-A,"장점 :
매번 사용 후에 버블 청소가 가능해서 조금 더 위생적인 것 같아요! 
온수 온도 조절도 빠르게 잘 되고 깔끔합니다!

단점 :
비데를 사실 처음 써봐서 비교군이 없어 원래 그런지 모르겠으나
앉는 시트 부분이 약간 좁은 것 같아요.. ㅎㅎ 아무것도 없이 쓰다 비데 쓰니 답답한 느낌.. 원래 비데가 다 그런거겠죠?
",0,1,0,418,1,2022-07-08 16:40:59,149,0.6009049061
6Dy97Jb,BIDET,코웨이,스스로케어 비데 (BAS29-C),BAS29-C,"장점 :
셀프로 살균세척을 안해도 몇번의 사용을 하면 스스로 노즐을 청소해주고 7살아이가 스스로 사용 할 정도로 편하고 좋습니다.

단점 :
아직까지는 단점을 못느끼고 매우 만족을 느끼면서 잘 사용하고 있습니다.
",0,2,0,287,1,2022-07-08 16:45:21,149,0.3008949999
6Dy97Rq,BIDET,SK매직,항균 노즐 비데,BID017DV36WH,"장점 :
사용법이 편리하고 기능이 너무 많아도 복잡한데 군더더기없이 깔끔하고 편리합니다

단점 :
수압이 조금 약한거같은 느낌이 있는데 막 불편한 정도는 아니고 가격대비 괜찮다고 생각듭니다
",0,2,0,262,1,2022-07-08 16:52:32,149,0.3008949999
6Dy97a7,AIRPU,SK매직,올클린 공기청정기 25평형,ACL25C1AS,"장점 :
공기청정기를 처음 사용해보는데 확실히 고기.생선 구우면 알아서 자동으로 냄새를 감지해서좋아요

단점 :
다른 제품을 안써봐서 모르겠지만 강으로 돌리면 소리가 조금커요 맨처음에 깜짝놀랐어요
",0,2,0,274,1,2022-07-08 17:11:43,149,0.3008949999
6Dy97a8,AIRPU,LG,퓨리케어 360° 공기청정기 플러스 19평형,AS191DWFRM,"장점 :
오토모드로 돌려두면 따로신경쓸거 없이 알아서 먼지에 냄새까지 잡아주니 딱히 뭐할게 없어요
24시간 켜두는 가전이다보니 소음이중요한데 그냥 보이면있구나 하는거지 넘조용하고 좋네요^^
2주이상사용하고 필터도 살펴봤는데
아직까지 깨끗하구요~
디자인 이쁜거야뭐 다들아시니
나온지좀 된모델이지만 전 만족합니다

단점 :
아직은 불편한점도 단점이라 할만한것도 없어서.. 
이제 없음 불편하겠죠?
",0,2,0,546,1,2022-07-08 17:12:24,149,1.130040135
6Dy97qe,AIRPU,코웨이,노블 공기청정기 15평형,AP-1521B,"장점 :
공기청청기에 있는 기능이 너무 좋고~~냄새도 잡아주고 공기 자체가 맑야집니다.

단점 :
단점이라곤 지금까지 쓴경우 아예 단점이라고 찾아볼수가 없습니다. 너무좋습니다.
",0,2,0,239,1,2022-07-09 13:57:46,148,-0.1974104856
6Dy9OMa,AIRPU,코웨이,아이콘 공기청정기 10평형,AP-1019D,"장점 :
크기가 적당하고 기능이 뛰어난 듯 싶네요 원룸에 사용하기에 딱 적합합니다.

단점 :
아주 약간의 소음문제는 있으나 그리 신경쓰일정도는 아닙니다. 집안에 공기가 청정해지는지는 잘은 모르겠음
",0,2,0,271,1,2022-08-12 17:46:03,144,0.307287554
6Dy9OMc,BIDET,아이젠,아이젠 쾌변 비데 (청결노즐),IB-110,"장점 :
기능이 뛰어나고 가성비가 좋습니다. 여럿이서 사용하는데 관리가 중요한데 튼튼해보이네요

단점 :
크기에 대한 아쉬움이 좀 있습니다만 그렇게 신경쓰일 정도는 아닙니다.
",0,2,0,240,1,2022-08-12 17:47:20,144,-0.2007687063
6Dy9OQn,AIRPU,LG,퓨리케어 오브제컬렉션 360° 공기청정기 알파 34평형 (일반 필터),AS352NS1A1M,"장점 :
냄새가 나거나 밖에서 미세먼지 들어오면 재빠르게
작동해서 좋아요 ㅎㅎ 

단점 :
ㄱ단점은 딱히 못느끼고있어요 
잘사용 하고있습니다 그나마찾자면 크기 ?
",0,2,0,219,1,2022-08-12 17:51:40,144,-0.2007687063
6Dy9OUs,ELE_RNG,SK매직,SK 올파워 싱글플렉스 [인덕션 3구],IHRBF30CMDSL,"장점 :
색상이 깔끔하고 디스플레이도 직관적이라서 나이 있는 분이 사용하기에도 쉽습니다. 화력은 예전 가스레인지보다 오히려 더욱 빨리 끓는다고 느낄정도로 세서 만족스럽습니다.

단점 :
지금까지는 딱히 단점이 없어요. 하지만 꼽자면 냄비를 새로 사야한다는 것 밖에 없네요
",0,2,0,374,1,2022-08-12 17:55:59,144,0.307287554
6Dy9OZ4,BIDET,SK매직,올클린 버블 살균 비데,BIDS36DR26WH,"장점 :
기존제품과 비교하면 더 깔끔하게 사용할 수 있고 방수면에서도 더 좋은거 같아서 만족이예요~!!

단점 :
지금까지 사용하면서 단점은 따로 못느꼈어요 가격도 저렴해서 너무 만족하고 있어요🙂
",1,2,0,267,1,2022-08-12 18:25:03,144,1.052158948
6Dy9Od6,BIDET,코웨이,더블케어 비데,BAS37-A,"장점 :
브랜드파워가 있어 더 신뢰성 있게 사용중입니다. 정기적인 관리 서비스가 정말 좋습니다.

단점 :
어린이는 사용하지 않고 어른만 사용중인데 수압이 생각보다 약한것 같습니다.
",0,2,0,246,1,2022-08-12 18:37:08,144,-0.2007687063
6Dy9OdF,AIRPU,코웨이,노블 공기청정기 20평형,AP-2021A,"장점 :
진짜 너무 맘에 든다 디자인도 기능도.. 거실에서 방 이동하며 쓰는데 전에 쓰던건 잘때 취침기능으로 예약걸고 다음날 다시 켜야되고 그랬는데 코웨이 공기청정기는 거실에서 쓰다가 방으로 이동하고 잘때 불 끄면 알아서 취침모드로 변경되고 다시 거실로 이동하면 자동모드로 올라온다 어플로 예약까지 맞춰놓고 쓰면 낮시간 사람없을때 잠시 껐다가 집에 들어가는 시간 1시간 전에 켜놓기 예약으로 번거로움없이 편하게 사용이 가능하다 

단점 :
진짜 너무 다 좋은데 팝업이 올라가있을때 수평을 이루진 않는다. 그 외 전부 만족!
",0,2,0,717,1,2022-08-13 9:02:04,143,4.050337342
6Dy9OhG,AIRPU,코웨이,노블 공기청정기 20평형,AP-2021A,"장점 :
일단은 소음자체가 너무조용해서 좋아요 
그리고 외관 디자인이 너무 맘에들어서 좋습니다-
세번째로는 필터를 개인 맞춤형으로 두가지설치할수있어서 좋아요

단점 :
단점은 딱히 없지만 굳이 하나를 고르자면 색상이 더 다양하게 나오면 좋을거같습니다
",0,2,0,348,1,2022-08-13 13:12:09,143,0.3086059827
6Dy9OlO,BIDET,코웨이,더블케어 비데,BAS37-A,"장점 :
편리하고 청소도되고 궁딩이가따뜻해서 너무좋아요 ㅠㅠ굿굿 
너무좋응

단점 :
딱히단점은없어요 너무편하고 좋습니다 
또ㅈ렌탈합니다 좋아요 그냥 다
",0,2,0,214,1,2022-09-02 15:56:33,141,-0.2033801676
6Dy9OlQ,BIDET,코웨이,룰루 프라임 비데,BA36-A,"장점 :
일단 3년 약정 기준으로 가격이 저렴하단 점이 메리트가 있습니다. 수압,온수,변좌 온도까지 세밀 조정이 가능한 점이 좋았어요.

단점 :
아직까지는 크게 단점을 느끼지 못했어요!
원룸 화장실 에서 사용하기에는 크기가 조금 클수도 있습니다.
",0,2,0,331,1,2022-09-02 15:56:58,141,0.3112845393
6Dy9OlR,AIRPU,코웨이,노블 공기청정기 15평형,AP-1521B,"장점 :
정말 조용하고 바퀴덕분에 이동도 편합니다. 직관적인 LED가 운전상태를 쉽게 확인시켜주고 바로 바로 모드를 바꿀수있어서 좋아요.

단점 :
전원 온오프가 조금 불편하고 반려견이 있어서 가족의 알러지때문에 선택했는데 드라마틱한 효과는 없네요 
",0,2,0,340,1,2022-09-02 15:57:08,141,0.3112845393
6Dy9OlS,BIDET,코웨이,더블케어 비데,BAS37-A,"장점 :
기존에 집에서도 잘 사용중이던 제품이라서 사무실에 추가로 설치하였습니다. 세척기능이 제일 마음에 드네요

단점 :
단점은 딱히 없습니다만 스스로 세척 사용시에 거품이 조금 더 나왔으면 좋겠어요
",0,2,0,277,1,2022-09-02 15:57:18,141,0.3112845393
6Dy9OlU,BIDET,코웨이,더블케어 플러스 비데,BAS38-A,"장점 :
우선 신품 사용하니까
너무 좋고 설치 기사님이 친절하게 
설명도 잘해주셔서 문제없이 잘 사용중입니다

단점 :
단점 은 딱히 느껴본적이 없는대
굳이 뽑자면은 비데 뚜껑 자동으로 올라오는 방식이
편하기도하고 불편하기도 합니다
",0,2,0,318,1,2022-09-02 15:57:25,141,0.3112845393
6Dy9OpW,BIDET,코웨이,더블케어 비데,BAS37-A,"장점 :
깔끔한 디자인이며 군더더기 없는 기능들로 구성되어있습니다. 무난한 최신 제품이라 선택하게되었어요.

단점 :
작동부가 변기 옆에 달린타입이아닌 리모콘 타입인데 호불호가 있을것 같습니다. 배터리도 따로 갈아줘야하고 벽면에 3M으로 부착해야하는 점도 있어서요.
",0,2,0,367,1,2022-09-02 15:57:40,141,0.3112845393
6Dy9Oti,BIDET,SK매직,올클린 버블 살균 비데,BIDS36DR26WH,"장점 :
특별히. 공유할꺼 없지안 일단비데안에세정세가 있어서 일을다보구나서 바로 변기를 소독하늕겟 좋읁거 같네요

단점 :
특별히 뷸편한점은 없습니다 근데 밀단베튼눌러도 시헁되기까지 좀결리는겟 불편합니다
",0,2,0,288,1,2022-09-02 16:00:07,141,0.3112845393
6Dy9Oxl,BIDET,코웨이,더블케어 플러스 비데,BAS38-A,"장점 :
도기 청소 uv 버블 자동 개폐 모든 기능 다좋습니다! 특히 방수기능이 물청소 하기 부담없고 너무 좋아요!

단점 :
자동 개폐가 때때로 정확한 인식을 못하고 서서 볼일을 보는데 닫혀 버리고 다가가도 안열리고 이런경우가 많아서 전자 인경우 너무 당황스러워요
",0,1,0,355,1,2022-09-02 16:01:48,141,-0.2361210877
6Dy9Oxr,AIRPU,코웨이,트리플파워 공기청정기 24평형,AP-2318D,"장점 :
사용해본지 얼마 안돼서 아직 잘 모르겠으나 무난 한것 같다  예전에 코웨이 정수기를 사용해서 친근감이 든다

단점 :
조금 무겁고  모양이 조금 이쁘지 않다 색깔이 다양 했으면 좋겠다 크기도 조금 작았으면 함
",0,2,0,290,1,2022-09-02 16:11:25,141,0.3112845393
6Dy9fPd,AIRPU,LG,퓨리케어 오브제컬렉션 360° 공기청정기 알파 20평형 (일반 필터),AS202NS1AM,"장점 :
오토모드로 해놓을때 자기가 알아서 공기의 질에 다라 작동된다는게 최고고 가장 세게 돌아갈때의 소음도 전에 공기청정기에 비하면 그냥 엄청 조용한 수준이예요 화면 터치인것도 간편하고 가장 좋은점은 관리하는 방법이 너무 간단해요 !!

단점 :
아직까지 단점은 못느꼇는데 굳이 뽑는다면 조금 크다는것,,,? 근데 공기가 잘청정되려면 이정도 크기는 되어야한다고 봅니다 !!
",0,1,0,510,1,2022-09-02 16:18:11,141,0.6216534238
6Dy9fTk,AIRPU,코웨이,노블 공기청정기 20평형,AP-2021A,"장점 :
인테리어를 해치지않고
공기청정기능도 우수해요
유해공기가 유입되면 바로 작동되고
너무 좋아요
작은사이즈도 구입해서 방에 두려규요

단점 :
생각보다 크기가 커요
조금얇으면좋겠어요
그것말고는 공기청정으로 좋아요
",0,2,0,307,1,2022-09-02 16:52:31,141,0.3112845393
6Dy9fXz,BIDET,코웨이,더블케어 비데,BAS37-A,"장점 :
비데가 디자인 깔끔하고 버블세정이 잘돼서 위생적으로도 만족합니다.

단점 :
단점은 크게 뭐 없는거 같은데 렌탈비가 싼편은 아닙니다. 그래도 그전에 쓰던거에 비해 만족합니다.
",0,2,0,249,1,2022-09-02 20:50:40,141,-0.2033801676
6Dy9fc8,BIDET,SK매직,올클린 버블 살균 비데,BIDS36DR26WH,"장점 :
자동으로 노즐 청소기능이 있어 편리하고 도기 살균기능이 있어 좋아요. 

단점 :
단점은 아직까지 사용하는 동안  없네요. 사용하는데 불편한점은 없어요. 
",0,2,0,216,1,2022-09-16 14:20:25,139,-0.2051675758
6Dy9fkG,BIDET,SK매직,올클린 버블 세정 비데,BIDS38DR26WH,"장점 :
버블 세정도 되고 해서 더 깨끗하다는 느낌이 듭니다. 사용해보시면 알것 같아요.

단점 :
단점은 세정하는 시간이 1분정도 걸린다는 점인데 그정도는 감수해도 괜찮을것 같습니다.
",0,1,0,248,1,2022-10-07 18:46:57,136,-0.7675504687
6Dy9foW,AIRPU,SK매직,AI 공기청정기 30평형,ACL300VASKWH,"장점 :
제가 느끼기에는  소음이 거의 없고  불을 끄고 무드등  이라고 할까  불빛이 분위기가 있어서  정말 좋네요 잘 사용하고 있어요 감사합니다

단점 :
크기가 크고 좀  무거워서  주변청소  할때 왔다 갔다 옮기는데 좀 힘이 드네요 조긍만  작고 가벼웠으면
",0,2,0,344,1,2022-10-07 19:04:37,136,0.3182353686
6Dy9fsZ,AIRPU,코웨이,노블 공기청정기 15평형,AP-1521B,"장점 :
아 정말 잘 골랐다는  생각이 듭니다 다른말 필요 없습니다
꼭 추천해 드립니다

단점 :
아직은 없습니다 사용한지 오래 되지 않아서 없습니다 생각보다 잘 쓰고 있습니다
",0,1,0,235,1,2022-10-07 19:07:33,136,-0.7675504687
6Dy9fsc,BIDET,코웨이,스스로케어 비데 (BAS29-C),BAS29-C,"장점 :
비데를 처음 써봤는데 위생상으로 좋은거 같아요 일단 기분이 상쾌하고요

단점 :
가격이 조금 싸서 다양한 기능이 없습니다 딱 필요한 기능만 있구요 돈점 더 투자하시면 좋을듯
",0,2,0,246,1,2022-10-07 19:09:56,136,-0.2079215458
6Dy9fwh,AIRPU,코웨이,노블 공기청정기 15평형,AP-1521B,"장점 :
집이 항상 습하고 공기가 안좋아서 헛기침을 많이 했는데 정말 너무 너무 좋습니다 !!! 자동으로 해놓으면 잘때는 알아서 조용해지고 완젼 간편 !! 

단점 :
단점은 사이즈가 좀 크다는점 말고는 없는거 같아용 !!!!!!!!!!
",0,2,0,295,1,2022-10-07 19:31:17,136,0.3182353686
6Dy9fwn,BIDET,코웨이,더블케어 플러스 비데,BAS38-A,"장점 :
드라마틱하진 않지만 버블 워시 생각보다 훨씬 좋습니다. 신형이 최고네요

단점 :
물내리는 버튼이 없습니다. 일체형이 아니라 그런건지?불편하네요.
",0,2,0,209,1,2022-10-07 20:03:56,136,-0.2079215458
6Dy9g0p,AIRPU,코웨이,노블 공기청정기 15평형,AP-1521B,"장점 :
공기정화도 잘 되는 같습니다. 소음도 적고 디자인도 괜찬아요 주변 지인들에게 추천 합니다

단점 :
다른 공기처엉기에비해 약간 무게가 무거운거 같습니다.조금 가벼웠으면 하는생각이 드네요.
",0,2,0,268,1,2022-10-07 20:38:38,136,0.3182353686
6Dy9g0r,AIRPU,LG,퓨리케어 360° 공기청정기 플러스 19평형,AS191DWFRM,"장점 :
사무실에서 아무걱정없이 쓰기에 적당합니다.
직원들 복지에도 좋네요~

단점 :
부피가 어느정도 있으니 위치를 잘 선정할곳을 계획하여 구매하여야합니다
",0,2,0,216,1,2022-10-07 21:27:25,136,-0.2079215458
6Dy9wWq,AIRPU,코웨이,노블 공기청정기 15평형,AP-1521B,"장점 :
좋습니다 확실히 차이가나요ㅎㅎㅎㅎㅎㅎㅎㅎㅎㅎㅎㅎㅎㅎㅎㅎㅎㅎㅎㅅ

단점 :
없어요ㅎㅅㅆㅎㅎㅎㅎㅎㅎㅎㅎㅎㅎㅎㅎㅅㅅㅅㅅㅅㅅㅅㅅㅅㅅㅅㅅㅅ
",0,0,0,212,1,2022-10-09 23:17:10,135,-1.262601388
6Dy9wWs,BIDET,코웨이,스스로케어 비데 (BAS29-C),BAS29-C,"장점 :
살균 기능도 있고 크게 불편한 점 없이 잘 쓰고 있습니다. 추천드려요!ㅎ

단점 :
기본적인 기능이 다 있어서 불편한 점은 없습니다. 굳이 하나 꼽자면 물줄기가 조금 가는점?
",0,1,0,239,1,2022-10-11 14:38:25,135,-0.7710134805
6Dy9wau,FOOD_DISP,LG헬로비전,그린싱크D 음식물처리기 (22년 신모델),SH-7000A,"장점 :
설치 기사님 엄청 친절하셨음
미생물 분해 방식인데도 락스, 온수로 청소 가능한게 가장 큰 장점
전에 온수때문에 미생물 교체 여러번 했는데 이건 아직 한번도 안했는데 쌩쌩함

단점 :
아직은 잘 모르겠는데..
싱크대 아래 수납공간 비워줘야 하는거?
",0,0,0,341,1,2022-10-13 13:09:40,135,-0.7340705746
6Dy9wav,FOOD_DISP,LG헬로비전,그린싱크D 음식물처리기 (22년 신모델),SH-7000A,"장점 :
전 음식물처리기 처음 써보는데 신세계긴 하네요.
 설치도 이틀만에 해주셨어요~ 기사님도 친절하시고요

단점 :
개수대 사이즈 체크해보시는게 좋겠네요.
친정에도 똑같은거 주문 했는데 그 집은 개수대 사이즈가 작아서 안된대서 결국 다른 제품으로 했어요 ㅠ
",0,0,0,356,1,2022-10-13 13:09:40,135,-0.7340705746
6Dy9waw,FOOD_DISP,LG헬로비전,그린싱크D 음식물처리기 (22년 신모델),SH-7000A,"장점 :
전에는 독립형으로 사다가 베란다에 놓고 쓰다가.. 또 갖다버리는게 워낙 불편해서 바꿨어요
따로 버릴거 없으니까 확실히 편해요!
싱크형은 음식물 냄새 남는다는 이야기 많이 들었는데 전 차이 없는거 같네요

단점 :
싱크 빌트인 방식이라 하부장 못쓰는게 단점이겠네요.
그리고 이사갈때 다시 설치해야 하는거? 
근데 저는 다시 독립형으로 못돌아갈것 같아요 ㅋㅋ
",1,0,0,496,1,2022-10-13 13:09:40,135,0.9217036591
6Dy9wax,FOOD_DISP,LG헬로비전,그린싱크D 음식물처리기 (22년 신모델),SH-7000A,"장점 :
음식물 쓰레기 안버리니까 편해요… 진짜 너무 편해요
꼭 이거 아니라도 음식물처리기를 왜 진작 안했나 싶네요ㅋㅋ
1회 용량이 좀 애매한가 했는데 저희 집 기준에는 넉넉합니다

단점 :
처음이라 저희집에서는 싱크대 하부장에 타공 필요하다는걸 나중에 알았어요ㅠ 
외부에 보이는 것도 아니고 구멍이 크지도 않았습니다
",1,0,0,438,1,2022-10-13 13:09:40,135,0.9217036591
6Dy9way,FOOD_DISP,LG헬로비전,그린싱크D 음식물처리기 (22년 신모델),SH-7000A,"장점 :
미생물 발효 + 싱크대 빌트인 인데 세척이 편하다고 해서 이 제품으로 했어요.
이전에 다른 음식물처리기 써보셨으면 아실거에요
삼성이나 엘지같은 브랜드로 해야하나도 고민했는데 일단은 만족이에요

단점 :
굳이 꼽자면 작동 시작할때 분쇄할때 약간 소음이 있긴 있음.
한 30초정도?
근데 신경쓸 정도인가 싶네요.
갈아야 한다고 해서 믹서기 같은 소리 각오했는데 절~대 그정도 아님
",2,0,0,520,1,2022-10-13 13:09:40,135,1.927042804
6Dy9waz,FOOD_DISP,LG헬로비전,그린싱크D 음식물처리기 (22년 신모델),SH-7000A,"장점 :
친정에 했어요
설치기사님 깔끔하게 잘 해주셨어요
제품도 만족합니다.

단점 :
다음엔 한번에 처리할 수 있는 용량이 더 큰걸로 할까 싶기도 하네요
",0,0,0,207,1,2022-10-13 13:09:40,135,-1.262601388
6Dy9wb0,AIRPU,코웨이,노블 공기청정기 15평형,AP-1521B,"장점 :
좋아요 공기청정기이것저것다써봤는데 좋아요 공기정화도잘되고 최고

단점 :
단점은없지만 자동으로돌다가 꺼졋으면좋겠는데 죙일돌아가요ㅎㅎㅎ
",0,2,0,208,1,2022-10-13 18:37:51,135,-0.2088596401
6Dy9wf9,FOOD_DISP,에콥,친환경 전자동 AI 로봇 음식물처리기 4L,ECP-900,"장점 :
확실히 전자동으로 되니까 편하네요.
하나하나 신경써야하고 그런것들이 없는 느낌?
그리고 어플리케이션으로 포인트 쌓이는게 새롭게 재미있네요.
막 사람들 후기 보면 얼마 모았다, 이런 것들도 봤는데 직접 해보니까 비교도 되고 그래요

단점 :
귀가 예민한 편이라 집안이 조용하면 소리가 들리는데,
이건 어떤것을 써도 똑같지 않을까 싶네요
",0,0,0,468,1,2023-01-19 17:34:56,121,0.156872429
6Dy9wfA,FOOD_DISP,에콥,친환경 전자동 AI 로봇 음식물처리기 4L,ECP-900,"장점 :
뚜껑 열고 닫는게 편해서 좋아요.
보통 음식물 처리 할때 불편한 것 중 하나가 막 손에 묻을까 걱정하고 그런거잖아요?
그런데 아직은 그런 경험은 없습니다. 그리고 소음도 집에 냉장고나 그런 것들 생각하면 크게 상관할 필요없는 정도라 만족하고 있어요

단점 :
겉에 투명한것 대신 흰색으로 다 칠해져 있어서 더 깔끔해서 좋았을 것 같아요
",0,0,0,463,1,2023-01-19 17:34:56,121,0.156872429
6Dy9wfB,FOOD_DISP,에콥,친환경 전자동 AI 로봇 음식물처리기 4L,ECP-900,"장점 :
디자인이 딱 깔끔해서 좋음.
그냥 친구들이 집에 와서 보면 음식물 처리기하고 생각을 안함.
그리고 냄새가 안나서 그냥 집안에 둬도 전혀 신경을 안쓰이는게 장점인듯.

단점 :
위에 손잡이 동그란거 대신에 그냥 터치해서 열리고 닫히게 되어있었으면 더 깔끔하고 좋았을듯.
그런데 그렇게까지 하면 이가격에 사용할 수 없었을 것 같아서 현재로 만족함..
",2,0,0,479,1,2023-01-19 17:34:56,121,2.059065545
6Dy9wjA,AIRPU,LG헬로비전,에어로닥터 공기청정기 15평형,WAD-M20,"장점 :
일단 가성비가 너무 좋네요.
진짜 저렴하게 선택한 것 같아요!!!
아무래도 다 가격이 달라서 찾아본다고 고생했는데 열심히 시간 쓴 보람이 있네요.
그리고 디자인이 워낙 깔끔해서 집안에 어디에 두어도 눈에 띄지 않는게 마음이 아주 편안해요...

단점 :
굳이 꼽자면... 에너지 소비 등급이 4등급인것..?
뭐 사실 많이 써도 큰 액수 차이는 없어서 크게 신경쓰이지는 않네요
",0,0,0,501,1,2023-01-19 17:34:56,121,0.156872429
6Dy9wjB,AIRPU,LG헬로비전,에어로닥터 공기청정기 15평형,WAD-M20,"장점 :
글 읽고 할필요 없이 그냥 불빛으로 공기상태 확인이 가능해서 좋음.
그리고 무슨 바이러스 제거해준다고 해서 특히 끌렸는데, 요즘에 독감이나 코로나가 심해서 이후의 건강을 위해서라도 구입을 했음.
기왕이면 이 가격에 바이러스 제거도 된다고 딱 나와있는거 사는게 좋을 것 같았음

단점 :
민트색이라서 뭔가 처음에는 눈에 좀 띄고 그랬는데, 인간은 적응의 동물이라고.. 
지금은 눈에 들어오지도 않음.
뭔가 오히려 더 깨끗한 느낌임
",0,0,0,591,1,2023-01-19 17:34:56,121,0.156872429
6Dy9wjC,AIRPU,LG헬로비전,에어로닥터 공기청정기 15평형,WAD-M20,"장점 :
솔직히 공기청정기 하나로 모든 방을 커버할 수는 없다보니 따로 한방에 둘 것을 찾아보고 있었는데, 
이 가격에 이정도 기능이면 정말 잘 선택했다고 생각합니다.
저렴한 편이라 사기전에 걱정을 좀 했는데 상담사분도 친절하시고 사용해보니 괜한 걱정을 했구나 싶었습니다. 딱 마음에 듭니다.

단점 :
다른것들처럼 바퀴도 있으면 좋겠다는 생각이 드네요;
별거 아니긴 한데 전에 쓰던건 있었다보니 아쉬운 부분~
사실 무게도 그렇게 무겁지 않아서 큰 상관은 없긴 해요.
",1,0,0,634,1,2023-01-19 17:34:56,121,0.9848500731
6Dy9wve,AIR_COND,위니아,둘레바람 에어컨 2in1 17평형+7평형,SPVW17EDSCQM,"장점 :
일단 저는 한여름에 설치했는데 진짜 더워 죽을뻔하던때에 딱 마침 설치해주셔서 너무 감사했어요
우선 틀면 금세 아이스방으로 변신 추워서 끄면 곰팡이생길까 혼자 제습모드바꿔서 천천히 습기를 말리믄서 꺼짐 

단점 :
단점은 음 굳이 단점 못찾는게 단점??단점을 못찾았음여
그냥 배송도 빠르고 성능도 좋고 최고임여
",0,2,0,436,1,2023-02-03 16:12:21,119,1.295699233
6Dy9wzh,WASH_DRY,위니아,스마트패키지 세탁기 12kg+건조기 10kg,WWR10MEDIP,"장점 :
일단 저희집이 4층인데 사다리차가 안되서 개별로 다 들고 군말없이 친절히 배송해주셔서 좋았고 설치도 빠르고 세탁도 말끔하게되는데 바로 되자마자 건조기에 넣으면 뽀송뽀송 비오는날이고 뭐고 필요없음
리모컨도 있어서 리모컨으로 작동가능

단점 :
단점...음 건조기같은건 가스냄새가 살짝 나긴하는데 세탁실에 두고 쓰는거라 상관무
",0,2,0,462,1,2023-02-03 16:15:03,119,1.295699233
6Dy9wzo,AIRPU,코웨이,노블 공기청정기 15평형,AP-1521B,"장점 :
일단크고 디자인 심플해서 괜찮아요

소음도 괜찮고

바퀴도있어서 이동은편해요

단점 :
단점이라면 풍단계가없어서 아쉽네요

겉면 청소하기가 힘들어요

이거빼고 뭐
",0,2,0,234,1,2023-02-03 16:20:28,119,-0.2254116478
6Dy9x3s,BIDET,코웨이,더블케어 비데,BAS37-A,"장점 :
일단 스텐노즐이라 안심이 되었고 자동세척기능이 있어 편리합니다. 비데를 첨 써보는데 우리 가족 모두 만족하면서 쓰고 있어요~~

단점 :
비데가 너무 좋아서 비데에 계속 앉아있고 싶어요..
더 이상 단점은 없어요
",0,2,1,294,1,2023-02-03 16:24:17,119,0.5034539824
6Dy9x3u,FOOD_DISP,에콥,친환경 전자동 AI 로봇 음식물처리기 4L,ECP-900,"장점 :
장점이라면 집밖으로 버리러 안가는점이 제일편리하고요
냄새없이 처리할수있어서 좋아요

단점 :
단점이라면 이것도 한번쓰고 갈아줘야하기때문에

적응양엔 쫌 쓰기얘매하죠

딱히단점은없어요
",0,2,0,271,1,2023-02-03 16:25:05,119,0.3450049324
6DyADVk,DRE,LG,스타일러 오브제컬렉션 (5벌+바지1벌),S5MBPU,"장점 :
처음 사용할때는 잘 몰랐는데 막상 이용해보니
상당히 좋아요 외투는 외출하고 돌아오면 한번씩 돌려요
시트 이용하면 좋은향이 남아서 드라이 맡긴것 같아요

단점 :
아직은 없네요 생각보다 크기가 크다는정도..?
그것말고는 단점은 아직 없어요
",0,1,0,336,1,2023-02-03 16:27:50,119,-0.2616992803
6DyADVn,TV,삼성,QLED TV 55인치,KQ55QB60AFXKR,"장점 :
티비사이즈가  커서 새로운경험이였어요
티비도잘보이고 모니터용 티비썼다가
큰티비로 보니 새롭고 좋네요

단점 :
단점이라곤 딱히없는데ㅋㅋ
굳이 없는거같아요 티비큰걸시켜서 큰게온거라서ㅋㅋㅋ
",4,2,0,279,1,2023-02-03 16:28:00,119,4.759018045
6DyADVo,BIDET,코웨이,스스로케어 비데 (BAS29-C),BAS29-C,"장점 :
사용버튼들이 직관적이고 세정기능 중 무브 버튼이 있어서 세정이 잘됩니다
또란 두달마다 관리해주시는 분이 방문해주셔서 클리닝 및 부품 교체도 잘해주셔서 편리하게 잘쓰고 있습니다😊

단점 :
한가지 아쉬운 점이 있다면 요새 자동세척 기능이 있는 비데제품들이 많아서 그 기능이 있으면 좋겠다는 생각이 들었어요 🥲 필수적인 기능은 아니라서 그래도 가성비가 좋은 제품이라 잘 사용하고 있습니다👍
",0,2,0,554,1,2023-02-03 16:28:07,119,1.295699233
6DyADmE,FRG,LG,디오스 오브제 얼음정수기냉장고 노크온,W823SGS472S,"장점 :
1. 얼음이 나오니 홈카페 가능(얼음도 3가지 종류로 다양하게 즐길 수 있다)

2. 노크한번으로 음료칸의 음료확인으로 빠른 선택가능


단점 :
1. 전에 냉장고에 비해 높이가 낮은거같고 많이 들어가지 않는거같아요.

2. 온수가 안되니 따로 온수기필요.

",0,2,0,340,1,2023-02-03 16:34:27,119,0.3450049324
6DyADyc,FOOD_DISP,SK매직,에코클린 음식물처리기 단품,FDDFM031LSBG,"장점 :
건조식 음쓰처리기의 혁신이라 불릴만 합니다. 음쓰 넣으면 10분의1로 부피줄고 냄새도 그리 역하진 않아요 그냥 버리면 되구요 무엇보다 건조식의 단점인 수증기 안올라오고 필터 자주 안갈아서 좋아요 만족!

단점 :
음쓰가 1시간 간격 정도로 추가해서 넣어야 할때 뜨거워져서 식혀지느라 조금 기다렸다 추가해서 넣어야 해요 음쓰버릴때 마른 음쓰에서 냄새가 나긴해요 강한 구수함이랄까 음쓰 상한 냄새보다는 맡을만 해요
",1,2,0,575,1,2023-02-03 16:40:32,119,2.131998333
6DyAE6r,AIRPU,LG,퓨리케어 오브제컬렉션 360도 공기청정기 32평형,AS322DSFAM,"장점 :
일단 첫번째는 디자인인것같아요
거실에 놓는 대용량 청정기이다 보니 디자인이 중요하더라구요
두번째는 당연히 공기청정기능이겠죠?
대용량 필터가 2개나 들어가고 365도 안좋은 공기나 냄새를 흡입해주니 타제품보다 공기 정화나 냄새 제거를 빨리 해주는것 같더라구요
세번째는 무빙휠이 있어 어디든 쉽게 옮겨 놓고 사용이 가능해서 너무 편하더라구요
마지막으로 가격입니다
집에 동일브랜드 식기세척기를 렌탈해서 사용중인데
퓨리케어 오브제컬렉션 360° 공기청정기 렌탈하니 5천원 할인을 해주더라구요 땡잡은 느낌?ㅎㅎ


단점 :
단점은 딱 하나 겨울에 근처에 놓으면 워낙 흡입력도 좋은데 360도 흡입을 해서 정화된 공기를 여기 저기 보내주다보니 살짝 추워요ㅎㅎ
",0,2,0,907,1,2023-02-03 16:43:54,119,4.908337574
6DyAE6t,MATTR,코웨이,비렉스 프라임 매트리스 슈퍼싱글(SS),CMSS-S03M,"장점 :
신생아 침대를 고민하다가 우연히 렌탈 서비스를 알게되어 신청했어요
일단 메트리스 케어를 받을수 있어 위생상 너무 좋구요🙂
아기가 있어 침대가 더러우질이 많은데 한결 안심이 됩니다
그리고 메트리스 쿠션감도 적당해서 애기가 자기 괜찮아서 신생아 침대 고민중이신분들 추천해요🥳

단점 :
처음 상품 설치하고 나니 냄새가 좀 나서 환기를 많이 시켰어요 ㅠㅠ
그리고 당초에 배송 시 기사분 2분 오신다고 했는데 한분만 했네요 설치에 문제는 없었지만.. 
뭔가 아쉽네요😟
",0,2,0,648,1,2023-02-03 16:45:08,119,1.295699233
6DyAUh3,FOOD_DISP,SK매직,에코클린 음식물처리기 단품,FDDFM033REMB,"장점 :
디자인도 좋았고 소음도 거의 없다시피했습니다. 필터는 1년정도 쓸수있다하여 필터값도 많이 절약되고 내통이 분리되는 형태라 본체는 다용도실에두고 내통만 주방에두어 음식물을 보관할수있어 아주 편리했습니다. 

단점 :
신제품이라 그런지 오류가많아 초기 작동멈춤현상으로 두번 교환하였고 필터가 오래쓸수있다고는 하나 냄새많이나는 음식물을 처리하면 그래도 찝찝한 냄새가 있습니다. 그래서 주방에 본체를 놓고 사용하면 냄새가 좀 나지싶습니다. 그리고 as신청하면 대기가 많아 기본 1주이상은 기다려야 하는것도 단점이긴합니다.
",0,2,0,733,1,2023-02-03 16:56:30,119,4.528059854
6DyAUh6,FOOD_DISP,LG헬로비전,그린싱크D 음식물처리기 (22년 신모델),SH-7000A,"장점 :
처음 음식물 처리기를 사용하는데 너무 만족 하고
잘 사용하고 있습니다 엘지 쵝오😊👍🏻

단점 :
굳이 단점으로 뽑자면 소음 조금 있는거? 그외 단점은 없는거 같아요 엘지 굳굳
",0,2,0,248,1,2023-02-03 16:56:37,119,-0.2254116478
6DyAUl8,BIDET,SK매직,올클린 버블 살균 비데,BIDS36DR26WH,"장점 :
살균기능 및 버블클린 기능이 정말 실사용시 마음에 드는 기능들입니다.
비데는 솔직히 거기서 거기라고 생각했는데
이제품사용한지 1년쯤 되고나니 버블클린은 필수입니다.

단점 :
버블세정제가 가끔 리크가 생겨 바닥으로 새어나올때가 있습니다. as 문의 및 접수 방문하실때 굉장히 친절하셨고
빠른대응으로 해결해주셔서 그이후로 문제될게 전혀없습니다.
",0,2,0,487,1,2023-02-03 16:58:39,119,1.295699233
6DyAUlD,DRE,LG,스타일러 오브제컬렉션 (5벌+바지1벌),S5BBPU,"장점 :
세탁소안가서좋음......1ㅣㅣㅣㅣㅣㅣㅣㅣㅣㅣㅣㅣㅣㅣㅣ

단점 :
ㅣㅣㅣㅣㅣㅣㅣㅣㅣㅣㅣㅣㅣㅣㅣㅣㅣㅣㅣㅣㅣㅣㅣㅣㅣㅣㅣㅣㅣㅣ
",0,2,0,187,1,2023-02-03 17:00:17,119,-0.2254116478
6DyAUpF,AIRPU,코웨이,노블 공기청정기 20평형,AP-2021A,"장점 :
디자인이 고급스러워서 인테리어를 헤치치않아서 선택했어요. 
기존 다*슨 제품보다 안정감도 있고 공기정화 탈취기능도 빠른듯해요.
주방에 음식후 공기청정기 필수 작동하는데요
기존사용제품보다 더 효과가 좋은거 같아요
소음도 정음으로하면 틀었나 안틀었나 못느낄 정도예요. 
사이즈가생각보다 큰데 바퀴가있어서 이동하기 너무 편해요. 
정음기능뿐아라 터보기능이나 냄새를찾아 그부분으로 뚜껑방향이 바뀌어 좋아요. 
색깔로도 공기상태릉 확인가능하여 더좋은거같아요~
아이있는집에 필수템입니다. 

단점 :
단점은,,꼽자면,,.
위에말했듯이 생각보다 사이즈가 커요. 
다른제품도 사이즈 큰제품들이 많긴한데요. 
그래도 생각보다는 크다,,,
받을때 느낌이 그랬습니다~
",0,2,0,912,1,2023-02-03 17:02:00,119,4.908337574
6DyAUpJ,KIM_FRG,LG,컨버터블 패키지 오브제컬렉션 김치냉장고 324L,Z321GC3S,"장점 :
디자인이 좋아요 컨버터블이라 냉장고도 같이 쓸 수 있어요. ....,

단점 :
냉동칸 김치칸 따로없어요 
 ... ........ ..,..,.,
",0,2,0,166,1,2023-02-03 17:05:37,119,-0.2254116478
6DyAUpL,DRY,LG,TROMM 오브제컬렉션 건조기 20kg,RD20ESE,"장점 :
좋아요....... ....................

단점 :
단점은 따로 없는거 같아요................... 
",0,2,0,114,1,2023-02-03 17:07:03,119,-0.2254116478
6DyAUtT,AIRPU,LG,퓨리케어 오브제컬렉션 360° 공기청정기 알파 34평형 (일반 필터),AS352NB1A1M,"장점 :
기존에 사용하는 제품보다 디자인 기능 더 좋아요
특히  인공지능 좋아요 ... 

단점 :
단점은. 따로 없습니다.....................
",0,2,0,174,1,2023-02-03 17:13:12,119,-0.2254116478
6DyAUxY,AIRPU,SK매직,올클린 공기청정기 25평형,ACL25C1AS,"장점 :
설치시점에 시국이 시국인것도있고 강아지도 한마리 키우는상태에서 임신중인상태였음 
아무리 깨끗하게해도 털날림등 없을수가없는상태였는데
공기청정기 들인뒤로 걱정안함 알아서 공기상태체크해주고 열일하는중 굉장히 만족하는중

단점 :
타사 공기청정기 제품도 쓰고있지만 확실히 고기.생선을 굽는다치면 그날 열일하느라 바쁜데 그만큼 소음이 다른제품에비해 큰편임
",0,2,0,513,1,2023-02-03 17:17:50,119,1.295699233
6DyAUxd,AIRPU,코웨이,노블 공기청정기 15평형,AP-1521B,"장점 :
아기가 태어난후로 새집으로 이사도오고 호흡기쪽으로 많이 아팠어서 부모맘이 맘인지라 혹시몰라 한대 더 들였는데..정수기.온수기도 써봤는데 as.주기적인점검을봤을땐 데인게 많아 추천안하고싶지만 제품만 봤을땐 추천하고싶음 거실에서 쓰고있는제품은 펫기능은없는데 이제품은 펫기능까지있어서 반려동물키우는집에서 좋다고생각함 알아서 열일도하고 소리도 그렇게 큰편도아니여서 거슬릴정도아니라 만족하며 사용중

단점 :
다른제품썻을때 관리로봤을때 브랜드 추천하고싶지않지만, 이제품만봤을땐 괜찮은 제품임
소음도 큰편도아니고 알아서 열일해주니 단점이라고할게없음
",0,1,0,794,1,2023-02-03 17:24:00,119,3.921355641
6DyAV1f,AIRPU,코웨이,노블 공기청정기 15평형,AP-1521B,"장점 :
제품을 이곳 저곳 다 알아봤지만 여기 제품은 다른데 보다 깔끔 하면서 세련된 디자인에 컬러도 4가지 컬러♡
공기정화도 잘되고 소음도 적으며 밑 부분에 바퀴가 있어서 이동이 편하고 마이펫 모드가 있다는 점이 젤 좋았어요^^저희 집은 강아지 고양이를 키우기 때문에 미세한 먼지 케어와 전후 좌우 원하는 방향으로 공기를 보낼수 있으며 음식 해먹음 냄새 탈취도 금방 없어지는것 같더라구요^^
또 한가지 좋은점은 집안의 공기질을 전면 표시창 색상으로 어떤지 알수 있어서 좋고 뒷면 열고 필터를 직접 확인할수 있다는 것과 터치식이라 편해요

단점 :
제품이 좀 무겁고 킬때는 편한데 끌때가 성질 급한 저한테는 불편 하네요^^
",0,2,0,847,1,2023-02-03 17:27:24,119,4.528059854
6DyAV5n,AIRPU,코웨이,노블 공기청정기 15평형,AP-1521B,"장점 :
이 제품은 그냥 혁명 그잡채에요 ,, 일단 저는 소리에 예민한 사람이거든요 ! 근데 전에 쓰던 제품은 소리가 너무 커서 잘때는 무조건 그냥 끄고 잤었는데 이제품 제가 불을 끄면 같이 조용해져요 자동시스템이 너무 잘돼 있고 자취방에서 요리 하면 하루종일 집안에서 냄새 나는거 너무 싫어서 밥도 잘 안해먹었는데 냄새를 무슨 10초만에 잡아줘요 ,, 이거 사기에요 완젼 ,, 진짜 지금까지 살면서 썼던 공기청정기 중에 원탑 ,,🙏🏻

단점 :
단점은 단 하나 . 너무 일을 잘해서 밤에 불 끄면 자동시스템이라 얘도 조용해지고 불빛도 안나는데 꺼진줄 안다니깐요 ?ᩚ !?ᩚ !?ᩚ ! 이건 일을 잘해도 너무 잘해서 증말 ,,,
",0,2,0,820,1,2023-02-03 17:33:59,119,4.528059854
6DyAV5o,AIRPU,LG,퓨리케어 오브제컬렉션 360° 공기청정기 알파 34평형 (펫 필터),AS352NS2A1M,"장점 :
1.디자인이 인테리어적으로 우수하다
2.인공지능 기능이 있어서 편리하다
3.강아지 냄새를 효과적으로 제거해준다

단점 :
2개월정도 사용해본 결과 광장히 만족스럽습니다. 딱히 단점은 없습니다.
",0,2,0,269,1,2023-02-03 17:34:25,119,0.3450049324
6DyAV5r,BIDET,코웨이,더블케어 플러스 비데,BAS38-A,"장점 :
1. 깔끔한 디자인이 좋습니다
2. 자동개폐 및 버튼으로 개폐가 가능하다는 점이 좋습니다.
3. 자동 세척기능이 있어 편리합니다

단점 :
커버 자동열림 설정 시 굉장히 민감해서 밤에 자동으로 열려서 깜짝 놀란 적이 있습니다. 다행히 자동개폐를 버튼식으로 변경할 수 있어서 편리합니다
",0,2,0,388,1,2023-02-03 17:38:25,119,0.3450049324
6DyAlfu,AIRPU,청호,하이마운틴 공기청정기 48평형,AP-40H8230,"장점 :
크고 짱짱해서 좋아요 추천해요 묵직하니 힘도 느껴지구요 30평에는 이정도는 써야 한대서 쓰는데 만족합니다 

단점 :
크고 든든한 디자인이라 둘 데가 엄청 많진 않아요 쪼그만 공기청정기랑 달리 꽤 크거든요 김치냉장고 4분의 1 사이즈에요 
",0,2,0,331,1,2023-02-03 18:00:19,119,0.3450049324
6DyAlfy,AIRPU,LG,퓨리케어 오브제컬렉션 360° 공기청정기 알파 34평형 (일반 필터),AS352NS1A1M,"장점 :
공기청정효과 기가맥힙니다 ㅎㅎ 
미세먼지 심한날 창문열자마자 화난것처럼 작동해요🥹
냄새도 흡수가 빨라 음식을 해도 금방사라져서 
거실에 놓고 쓰고있어요 
아이가 있어서 많이 고민하고 선택했는데 후회없습니다


단점 :
공기청정할때 바람이 좀 냉하게 나오고 소리가 좀 큰편이예요 그만큼 빨리 냄새와 공기청정하는 효과는 있어요ㅎㅎ
",0,2,0,469,1,2023-02-03 18:03:27,119,1.295699233
6DyAlo9,BIDET,SK매직,올클린 버블 살균 비데,BIDS36DR26WH,"장점 :
버블로 변기 안쪽을 뿔려주면, 변기가 말끔하게 세척이 잘된다는게 
높은 점수를 주고 싶습니다.

단점 :
크게 단점이라 말할사항은 없네요. 꾸준히 기능 및 업그래드가 되었으면 합니다.
",0,2,0,256,1,2023-02-03 18:20:03,119,0.3450049324